;meta[language=ru]
; id      |key(hex)|key(str)| text
2114490000|        |w3eeredux_root|Надстройки W3EE Redux
2114490001|        |drgd_menu|Рэгдоллы и смерти
2114490002|        |drgd_chance|Шанс рэгдолл-смерти (%)
2114490003|        |drgd_force|Сила отброса тела (%)
2114490004|        |drgd_mute|Тишина трупов при добивании знаками
2114490005|        |drgd_drop|Ронять оружие (огонь, яд, бочки)
2114490006|        |drgd_deadly|Смертельный контрудар (Мутация 3)
2114490007|        |drgd_fists|Кулаки не расчленяют
