;meta[language=ar]
; id      |key(hex)|key(str)| text
2114478000|        |w3eeredux_root|إضافات W3EE Redux
2114478001|        |insc_menu|إصلاح طفرة الحشرات
2114478002|        |insc_enabled|إصلاح معدل تحويل السمية
2114478003|        |insc_rate|   ...من مئات الثانية لكل نقطة (الأصل 10)
2114478004|        |insc_fixdesc|إظهار المعدل الحقيقي في الوصف
2114478005|        |insc_dmgredon|إعادة تقليل الضرر الأصلي
2114478006|        |insc_dmgredperc|   ...التقليل عند الضربات المتكررة، %
2114478007|        |insc_dmgredwin|   ...طول النافذة بالثواني
