;meta[language=hu]
; id      |key(hex)|key(str)| text
2114477000|        |w3eeredux_root|W3EE Redux kiegészítők
2114477001|        |tssb_menu|Szintarányos Szett Bónuszok
2114477002|        |tssb_enabled|Nagymesteri bónusz minden szinten
2114477003|        |tssb_tier1|   ...erő 1. szinten, %
2114477004|        |tssb_tier2|   ...erő 2. szinten, %
2114477005|        |tssb_tier3|   ...erő 3. szinten, %
2114477006|        |tssb_tier4|   ...erő 4. szinten, %
2114477007|        |tssb_descgm|Leírásban: nagymesteri érték zárójelben
2114477008|        |tssb_descnote|Leírásban: sor a bónusz erejéről
2114477009|        |tssb_note|Szint szerinti erő:
