;meta[language=tr]
; id      |key(hex)|key(str)| text
2114471000|        |w3eeredux_root|W3EE Redux Eklentileri
2114471001|        |ssht_menu|İşaretle Parçalama
2114471002|        |ssht_humanpoise|Dengesi bozulan insanları parçala
2114471003|        |ssht_humanhp|   ...yalnızca bu can yüzdesinin altında
2114471004|        |ssht_shatterscale|   ...şans yaralarla ne kadar hızlı artar (100 = normal)
2114471005|        |ssht_killshatter|Aard'ın öldürdüğü her şeyi parçala
2114471006|        |ssht_killshatterhumans|   ...insanlar dahil
2114471007|        |ssht_ignipoise|Igni de insanları parçalar
2114471008|        |ssht_ignikill|Igni'nin öldürdüğü her şeyi parçala
2114471009|        |ssht_burnkill|Yanarak ölen her şeyi parçala
2114471010|        |ssht_slomochance|Parçalamada ağır çekim şansı
2114471011|        |ssht_slomoscale|   ...güç (düşük = daha güçlü)
2114471012|        |ssht_slomotime|   ...süre, sn
